numero_proceso,expediente,nombre_proceso,tipo_proceso,fecha_apertura,estado,unidad_ejecutora,saf,scraped_at
79-0001-CDI24,EX-2024-23815562-   -APN-DCYC#JGM,Contratación de la firma EJES S.A. - servicio mensual de monitoreo de medios de comunicación,Contratación Directa,15/03/2024 09:00 Hrs.,Adjudicado,79/000 - Dirección General Técnico - Administrativa - JGM,305 - Jefatura de Gabinete de Ministros,2026-05-04T08:24:40.283031
79-0001-CDI25,EX-2025-06470025-   -APN-DCYC#JGM,"Solicitud de adquisición, renovación y actualización licencias Microsoft.",Contratación Directa,23/01/2025 11:00 Hrs.,Adjudicado,79/000 - Dirección General Técnico - Administrativa - JGM,305 - Jefatura de Gabinete de Ministros,2026-05-04T08:24:40.283031
79-0001-LPR24,EX-2024-39061865-   -APN-DCYC#JGM,Servicio de limpieza y desinfección de tanques de agua de los edificios pertenecientes a la JGM,Licitación Privada,13/06/2024 10:00 Hrs.,Adjudicado,79/000 - Dirección General Técnico - Administrativa - JGM,305 - Jefatura de Gabinete de Ministros,2026-05-04T08:24:40.283031
79-0001-LPR25,EX-2025-09526797-   -APN-DCYC#JGM,Adquisición de enlaces de INTERNET y enlaces LAN to LAN.,Licitación Privada,28/02/2025 11:00 Hrs.,Adjudicado,79/000 - Dirección General Técnico - Administrativa - JGM,305 - Jefatura de Gabinete de Ministros,2026-05-04T08:24:40.283031
79-0001-LPU25,EX-2025-04610315-   -APN-DCYC#JGM,SERVICIO INTEGRAL DE BARRIDO Y LIMPIEZA en los edificios de la JEFATURA DE GABINETE DE MINISTROS,Licitación Pública,05/03/2025 11:00 Hrs.,Adjudicado,79/000 - Dirección General Técnico - Administrativa - JGM,305 - Jefatura de Gabinete de Ministros,2026-05-04T08:24:40.283031
79-0002-CDI23,EX-2022-138789155-   -APN-DCYS#JGM,Convenio con la EMPRESA ARGENTINA DE SOLUCIONES SATELITALES SOCIEDAD ANÓNIMA AR-SAT,Contratación Directa,09/01/2023 09:00 Hrs.,Adjudicado,79/000 - Dirección General Técnico - Administrativa - JGM,305 - Jefatura de Gabinete de Ministros,2026-05-04T08:24:40.283031
79-0002-CDI24,EX-2024-27645021-   -APN-DCYC#JGM,Servicio de mantenimiento de persianas y portón de acceso vehicular,Contratación Directa,06/06/2024 10:00 Hrs.,Adjudicado,79/000 - Dirección General Técnico - Administrativa - JGM,305 - Jefatura de Gabinete de Ministros,2026-05-04T08:24:40.283031
79-0002-CDI25,EX-2025-36203585-   -APN-DCYC#JGM,Adquisición de elementos de protección personal para talleres de mantenimiento de la JGM,Contratación Directa,28/05/2025 10:00 Hrs.,Adjudicado,79/000 - Dirección General Técnico - Administrativa - JGM,305 - Jefatura de Gabinete de Ministros,2026-05-04T08:24:40.283031
79-0002-LPR23,EX-2022-138222066-   -APN-DCYS#JGM,Servicio de guardería de vehículos para la flota automotor de la JEFATURA DE GABINETE DE MINISTROS,Licitación Privada,08/03/2023 09:00 Hrs.,Adjudicado,79/000 - Dirección General Técnico - Administrativa - JGM,305 - Jefatura de Gabinete de Ministros,2026-05-04T08:24:40.283031
79-0002-LPR24,EX-2024-50162483-   -APN-DCYC#JGM,PROVISIÓN DE ALIMENTOS PARA LAS DISTINTAS DEPENDENCIAS DE LA JEFATURA DE GABINETE DE MINISTROS.,Licitación Privada,31/10/2024 11:00 Hrs.,Adjudicado,79/000 - Dirección General Técnico - Administrativa - JGM,305 - Jefatura de Gabinete de Ministros,2026-05-04T08:24:40.283031
79-0002-LPR25,EX-2025-27469866-   -APN-DCYC#JGM,Seguros con cobertura de Todo Riesgo Operativo y Responsabilidad Civil para JGM,Licitación Privada,02/06/2025 09:00 Hrs.,Adjudicado,79/000 - Dirección General Técnico - Administrativa - JGM,305 - Jefatura de Gabinete de Ministros,2026-05-04T08:24:40.283031
79-0002-LPU25,EX-2025-106423734-   -APN-DCYC#JGM,"Servicio de mantenimiento integral, correctivo con asistencia tecnica para los ascensores de JGM",Licitación Pública,01/12/2025 10:00 Hrs.,Disponible Para Adjudicar,79/000 - Dirección General Técnico - Administrativa - JGM,305 - Jefatura de Gabinete de Ministros,2026-05-04T08:24:40.283031
79-0003-CDI23,EX-2022-130471920-   -APN-DCYS#JGM,Convenio con CORREO OFICIAL DE LA REPÚBLICA ARGENTINA S.A.,Contratación Directa,20/01/2023 10:00 Hrs.,Adjudicado,79/000 - Dirección General Técnico - Administrativa - JGM,305 - Jefatura de Gabinete de Ministros,2026-05-04T08:24:40.283031
79-0003-CDI25,EX-2025-37612865-   -APN-DCYC#JGM,Adquisición de indumentaria y calzado para el personal de la JGM,Contratación Directa,06/06/2025 10:00 Hrs.,Adjudicado,79/000 - Dirección General Técnico - Administrativa - JGM,305 - Jefatura de Gabinete de Ministros,2026-05-04T08:24:40.283031
79-0003-LPR23,EX-2023-32378352-   -APN-DCYS#JGM,Servicio de mantenimiento del Sistema de Administración de Recursos Humanos “SARHA”,Licitación Privada,24/04/2023 09:00 Hrs.,Adjudicado,79/000 - Dirección General Técnico - Administrativa - JGM,305 - Jefatura de Gabinete de Ministros,2026-05-04T08:24:40.283031
79-0003-LPR24,EX-2024-50810027-   -APN-DCYC#JGM,Adquisición de materiales eléctricos para la JEFATURA DE GABINETE DE MINISTROS,Licitación Privada,27/08/2024 11:00 Hrs.,Dejado Sin Efecto,79/000 - Dirección General Técnico - Administrativa - JGM,305 - Jefatura de Gabinete de Ministros,2026-05-04T08:24:40.283031
79-0003-LPR25,EX-2025-39966233-   -APN-DCYC#JGM,Requerimiento Servicio de mantenimiento y soporte de base de datos Oracle y consultoría,Licitación Privada,24/06/2025 10:00 Hrs.,Adjudicado,79/000 - Dirección General Técnico - Administrativa - JGM,305 - Jefatura de Gabinete de Ministros,2026-05-04T08:24:40.283031
79-0003-LPR26,EX-2026-30349544-   -APN-DCYC#JGM,Adquisición de solución integral “llave en mano” para la renovación de licencias de equipos de Borde,Licitación Privada,17/04/2026 09:00 Hrs.,Preadjudicado,79/000 - Dirección General Técnico - Administrativa - JGM,305 - Jefatura de Gabinete de Ministros,2026-05-04T08:24:40.283031
79-0003-LPU23,EX-2023-04705072-   -APN-DCYS#JGM,Servicio de suscripción de Licencias ADOBE CREATIVE CLOUD FOR TEAMS ALL APPS,Licitación Pública,16/02/2023 09:00 Hrs.,Adjudicado,79/000 - Dirección General Técnico - Administrativa - JGM,305 - Jefatura de Gabinete de Ministros,2026-05-04T08:24:40.283031
79-0003-LPU25,EX-2025-108450275-   -APN-DCYC#JGM,CONTRATACIÓN DE UN SERVICIO MANEJO INTEGRAL DE PLAGAS Y LIMPIEZA DE TANQUES DE AGUA POTABLE JGM,Licitación Pública,01/12/2025 10:00 Hrs.,Disponible Para Adjudicar,79/000 - Dirección General Técnico - Administrativa - JGM,305 - Jefatura de Gabinete de Ministros,2026-05-04T08:24:40.283031
79-0004-CDI23,EX-2023-09885703-   -APN-DCYS#JGM,Contratación de un servicio de monitoreo de medios de comunicación brindado por la firma EJES S.A.,Contratación Directa,02/05/2023 09:00 Hrs.,Adjudicado,79/000 - Dirección General Técnico - Administrativa - JGM,305 - Jefatura de Gabinete de Ministros,2026-05-04T08:24:40.283031
79-0004-CDI24,EX-2024-30445130-   -APN-DCYC#JGM,Contratación de OTOBA S.A. para el servicio de alquiler de oficinas en inmueble,Contratación Directa,09/04/2024 10:00 Hrs.,Adjudicado,79/000 - Dirección General Técnico - Administrativa - JGM,305 - Jefatura de Gabinete de Ministros,2026-05-04T08:24:40.283031
79-0004-CDI25,EX-2025-91628261-   -APN-DCYC#JGM,Adquisición de útiles de oficina para la JEFATURA E GABINETE DE MINISTROS,Contratación Directa,10/10/2025 10:00 Hrs.,Adjudicado,79/000 - Dirección General Técnico - Administrativa - JGM,305 - Jefatura de Gabinete de Ministros,2026-05-04T08:24:40.283031
79-0004-LPR23,EX-2023-36333554-   -APN-DCYS#JGM,"Servicio de mantenimiento preventivo, correctivo y de emergencia de vehículos de la JGM",Licitación Privada,05/05/2023 09:00 Hrs.,Adjudicado,79/000 - Dirección General Técnico - Administrativa - JGM,305 - Jefatura de Gabinete de Ministros,2026-05-04T08:24:40.283031
79-0005-CDI23,EX-2023-11308221-   -APN-DCYS#JGM,Convenio entre la UNIVERSIDAD NACIONAL DE CUYO y la SECRETARÍA DE GESTIÓN Y EMPLEO PÚBLICO,Contratación Directa,30/03/2023 09:00 Hrs.,Desierto,79/000 - Dirección General Técnico - Administrativa - JGM,305 - Jefatura de Gabinete de Ministros,2026-05-04T08:24:40.283031
79-0005-CDI24,EX-2024-31588208-   -APN-DGCYC#JGM,Adquisicion de Certificados de Seguridad SSL a implementarse en Jefatura de Gabinete de Ministros,Contratación Directa,24/05/2024 11:00 Hrs.,Dejado Sin Efecto,79/000 - Dirección General Técnico - Administrativa - JGM,305 - Jefatura de Gabinete de Ministros,2026-05-04T08:24:40.283031
79-0005-CDI25,EX-2025-99328485-   -APN-DCYC#JGM,Contratación de un Servicio Integral de Exámenes Preocupacionales,Contratación Directa,16/10/2025 10:00 Hrs.,Adjudicado,79/000 - Dirección General Técnico - Administrativa - JGM,305 - Jefatura de Gabinete de Ministros,2026-05-04T08:24:40.283031
79-0005-LPR23,EX-2023-39775566-   -APN-DCYS#JGM,Adquisición de bienes para el desarrollo de diferentes jornadas y actividades INJUVE,Licitación Privada,12/05/2023 09:00 Hrs.,Adjudicado,79/000 - Dirección General Técnico - Administrativa - JGM,305 - Jefatura de Gabinete de Ministros,2026-05-04T08:24:40.283031
79-0005-LPU24,EX-2024-51373066-   -APN-DCYC#JGM,Servicio de restauración y mantenimiento integral de los ascensores de la JGM,Licitación Pública,04/11/2024 11:00 Hrs.,Adjudicado,79/000 - Dirección General Técnico - Administrativa - JGM,305 - Jefatura de Gabinete de Ministros,2026-05-04T08:24:40.283031
79-0006-CDI23,EX-2023-11316495-   -APN-DCYS#JGM,Convenio entre la UNIVERSIDAD NACIONAL DE ROSARIO y la SECRETARÍA DE GESTIÓN Y EMPLEO PÚBLICO,Contratación Directa,30/03/2023 10:00 Hrs.,Adjudicado,79/000 - Dirección General Técnico - Administrativa - JGM,305 - Jefatura de Gabinete de Ministros,2026-05-04T08:24:40.283031
79-0006-CDI25,EX-2025-99328533-   -APN-DCYC#JGM,CONTRATACIÓN DE SERVICIO INTEGRAL PARA LA GESTIÓN DE RESIDUOS PATOGÉNICOS,Contratación Directa,16/10/2025 10:00 Hrs.,Fracasado,79/000 - Dirección General Técnico - Administrativa - JGM,305 - Jefatura de Gabinete de Ministros,2026-05-04T08:24:40.283031
79-0006-LPR23,EX-2023-39892678-   -APN-DCYS#JGM,Adquisición de resmas de papel,Licitación Privada,28/04/2023 09:00 Hrs.,Adjudicado,79/000 - Dirección General Técnico - Administrativa - JGM,305 - Jefatura de Gabinete de Ministros,2026-05-04T08:24:40.283031
79-0006-LPR24,EX-2024-52999378-   -APN-DCYC#JGM,ADQUISICIÓN DE ARTÍCULOS DE LIMPIEZA PARA JGM,Licitación Privada,20/09/2024 11:00 Hrs.,Dejado Sin Efecto,79/000 - Dirección General Técnico - Administrativa - JGM,305 - Jefatura de Gabinete de Ministros,2026-05-04T08:24:40.283031
79-0007-CDI23,EX-2023-11321415-   -APN-DCYS#JGM,Convenio entre la UNIVERSIDAD NACIONAL DEL SUR y la SECRETARÍA DE GESTIÓN Y EMPLEO PÚBLICO,Contratación Directa,30/03/2023 09:00 Hrs.,Adjudicado,79/000 - Dirección General Técnico - Administrativa - JGM,305 - Jefatura de Gabinete de Ministros,2026-05-04T08:24:40.283031
79-0007-LPR23,EX-2023-41269802-   -APN-DCYS#JGM,ADQUISICIÓN DE ÚTILES DE OFICINA,Licitación Privada,12/05/2023 09:00 Hrs.,Adjudicado,79/000 - Dirección General Técnico - Administrativa - JGM,305 - Jefatura de Gabinete de Ministros,2026-05-04T08:24:40.283031
79-0007-LPR24,EX-2024-53091457-   -APN-DCYC#JGM,Adquisición de útiles de oficina para la JEFATURA DE GABINETE DE MINISTROS,Licitación Privada,20/11/2024 10:00 Hrs.,Adjudicado,79/000 - Dirección General Técnico - Administrativa - JGM,305 - Jefatura de Gabinete de Ministros,2026-05-04T08:24:40.283031
79-0007-LPR25,EX-2025-120686716-   -APN-DCYC#JGM,ADQUISICIÓN DE ALIMENTOS Y ALQUILER DE MÁQUINAS DE CAFÉ PARA LAS DISTINTAS DEPENDENCIAS DE LA JGM,Licitación Privada,16/12/2025 10:00 Hrs.,Adjudicado con doc. contractuales generados,79/000 - Dirección General Técnico - Administrativa - JGM,305 - Jefatura de Gabinete de Ministros,2026-05-04T08:24:40.283031
79-0007-LPU23,EX-2023-20443652-   -APN-DCYS#JGM,Adquisición computadoras portátiles y accesorios para la JEFATURA DE GABINETE DE MINISTROS,Licitación Pública,02/05/2023 09:00 Hrs.,Dejado Sin Efecto,79/000 - Dirección General Técnico - Administrativa - JGM,305 - Jefatura de Gabinete de Ministros,2026-05-04T08:24:40.283031
79-0008-CDI23,EX-2023-11329376-   -APN-DCYS#JGM,Convenio entre la UNIVERSIDAD NACIONAL DE LANÚS y la SECRETARÍA DE GESTIÓN Y EMPLEO PÚBLICO,Contratación Directa,30/03/2023 09:00 Hrs.,Desierto,79/000 - Dirección General Técnico - Administrativa - JGM,305 - Jefatura de Gabinete de Ministros,2026-05-04T08:24:40.283031
79-0008-LPR24,EX-2024-53229215-   -APN-DCYC#JGM,Servicio por el mantenimiento de la puerta automática de ingreso peatonal del edificio de la JGM,Licitación Privada,26/08/2024 10:00 Hrs.,Adjudicado,79/000 - Dirección General Técnico - Administrativa - JGM,305 - Jefatura de Gabinete de Ministros,2026-05-04T08:24:40.283031
79-0008-LPR25,EX-2025-123041081-   -APN-DCYC#JGM,Servicio y Mantenimiento de Cortinas Metálicas para JGM,Licitación Privada,23/12/2025 10:00 Hrs.,Disponible Para Adjudicar,79/000 - Dirección General Técnico - Administrativa - JGM,305 - Jefatura de Gabinete de Ministros,2026-05-04T08:24:40.283031
79-0009-CDI23,EX-2023-11336669-   -APN-DCYS#JGM,Convenio entre la UNIVERSIDAD NACIONAL DE LA MATANZA y la SECRETARÍA DE GESTIÓN Y EMPLEO PÚBLICO,Contratación Directa,31/03/2023 09:00 Hrs.,Adjudicado,79/000 - Dirección General Técnico - Administrativa - JGM,305 - Jefatura de Gabinete de Ministros,2026-05-04T08:24:40.283031
79-0009-LPR23,EX-2023-43284888-   -APN-DCYS#JGM,Adquisición de materiales de conectividad y herramientas,Licitación Privada,15/05/2023 09:00 Hrs.,Adjudicado,79/000 - Dirección General Técnico - Administrativa - JGM,305 - Jefatura de Gabinete de Ministros,2026-05-04T08:24:40.283031
79-0009-LPR24,EX-2024-53277096-   -APN-DCYC#JGM,Adquisición de vestimenta y calzado para el personal de la JGM,Licitación Privada,10/10/2024 11:00 Hrs.,Dejado Sin Efecto,79/000 - Dirección General Técnico - Administrativa - JGM,305 - Jefatura de Gabinete de Ministros,2026-05-04T08:24:40.283031
79-0010-CDI23,EX-2023-11349896-   -APN-DCYS#JGM,Convenio entre la UNIVERSIDAD NACIONAL DE LOMAS DE ZAMORA / SECRETARÍA DE GESTIÓN Y EMPLEO PÚBLICO,Contratación Directa,31/03/2023 09:00 Hrs.,Adjudicado,79/000 - Dirección General Técnico - Administrativa - JGM,305 - Jefatura de Gabinete de Ministros,2026-05-04T08:24:40.283031
79-0010-LPR23,EX-2023-47693417-   -APN-DCYS#JGM,Servicio de readecuación del sector de la COORDINACION DE MEDICINA DEL TRABAJO,Licitación Privada,19/05/2023 09:00 Hrs.,Adjudicado,79/000 - Dirección General Técnico - Administrativa - JGM,305 - Jefatura de Gabinete de Ministros,2026-05-04T08:24:40.283031
79-0011-CDI23,EX-2023-11355986-   -APN-DCYS#JGM,Convenio entre UNIVERSIDAD NACIONAL DE GENERAL SAN MARTÍN / SECRETARÍA DE GESTIÓN Y EMPLEO PÚBLICO,Contratación Directa,31/03/2023 09:00 Hrs.,Adjudicado,79/000 - Dirección General Técnico - Administrativa - JGM,305 - Jefatura de Gabinete de Ministros,2026-05-04T08:24:40.283031
79-0011-LPR23,EX-2023-71100602-   -APN-DCYS#JGM,Adquisición de elementos para actividades deportivas,Licitación Privada,07/08/2023 10:00 Hrs.,Adjudicado,79/000 - Dirección General Técnico - Administrativa - JGM,305 - Jefatura de Gabinete de Ministros,2026-05-04T08:24:40.283031
79-0011-LPR24,EX-2024-56672599-   -APN-DCYC#JGM,Sistema de alarma contra robo del edificio sede de la JEFATURA DE GABINETE DE MINISTROS,Licitación Privada,30/09/2024 10:00 Hrs.,Dejado Sin Efecto,79/000 - Dirección General Técnico - Administrativa - JGM,305 - Jefatura de Gabinete de Ministros,2026-05-04T08:24:40.283031
79-0012-CDI23,EX-2023-11361953-   -APN-DCYS#JGM,Convenio entre UNIVERSIDAD NACIONAL RAÚL SCALABRINI ORTIZ / SECRETARÍA DE GESTIÓN Y EMPLEO PÚBLICO,Contratación Directa,30/03/2023 10:00 Hrs.,Desierto,79/000 - Dirección General Técnico - Administrativa - JGM,305 - Jefatura de Gabinete de Ministros,2026-05-04T08:24:40.283031
79-0012-LPR23,EX-2023-71129831-   -APN-DCYS#JGM,"Adquisición de materiales para promoción, difusión y organización de temáticas abordadas por INJUVE",Licitación Privada,03/08/2023 10:00 Hrs.,Adjudicado,79/000 - Dirección General Técnico - Administrativa - JGM,305 - Jefatura de Gabinete de Ministros,2026-05-04T08:24:40.283031
79-0012-LPR24,EX-2024-60876745-   -APN-DCYC#JGM,ADQUISICIÓN DE VAJILLA Y ARTÍCULOS DE BAZAR Y MENAJE PARA LA JEFATURA DE GABINETE DE MINISTROS.,Licitación Privada,25/10/2024 11:00 Hrs.,Dejado Sin Efecto,79/000 - Dirección General Técnico - Administrativa - JGM,305 - Jefatura de Gabinete de Ministros,2026-05-04T08:24:40.283031
79-0013-CDI23,EX-2023-11369451-   -APN-DCYS#JGM,Convenio entre UNIVERSIDAD NACIONAL DE TRES DE FEBRERO y la SECRETARÍA DE GESTIÓN Y EMPLEO PÚBLICO,Contratación Directa,31/03/2023 10:00 Hrs.,Adjudicado,79/000 - Dirección General Técnico - Administrativa - JGM,305 - Jefatura de Gabinete de Ministros,2026-05-04T08:24:40.283031
79-0013-LPR23,EX-2023-77071201-   -APN-DCYS#JGM,Adquisición de materiales eléctricos para la JEFATURA DE GABINETE DE MINISTROS,Licitación Privada,31/07/2023 09:00 Hrs.,Adjudicado,79/000 - Dirección General Técnico - Administrativa - JGM,305 - Jefatura de Gabinete de Ministros,2026-05-04T08:24:40.283031
79-0013-LPR24,EX-2024-72074227-   -APN-DCYC#JGM,Solicitud de adquisición de desfibriladores,Licitación Privada,18/10/2024 12:00 Hrs.,Dejado Sin Efecto,79/000 - Dirección General Técnico - Administrativa - JGM,305 - Jefatura de Gabinete de Ministros,2026-05-04T08:24:40.283031
79-0013-LPU23,EX-2023-57514509-   -APN-DCYS#JGM,"Servicio de mantenimiento preventivo, correctivo y de emergencia de equipos y sistemas de aires",Licitación Pública,16/06/2023 09:00 Hrs.,Adjudicado,79/000 - Dirección General Técnico - Administrativa - JGM,305 - Jefatura de Gabinete de Ministros,2026-05-04T08:24:40.283031
79-0014-CDI23,EX-2023-12303603-   -APN-DCYS#JGM,Contratación de los servicios de la “Asociación para el Fortalecimiento Comunitario”,Contratación Directa,27/02/2023 12:00 Hrs.,Adjudicado,79/000 - Dirección General Técnico - Administrativa - JGM,305 - Jefatura de Gabinete de Ministros,2026-05-04T08:24:40.283031
79-0014-LPR23,EX-2023-77826619-   -APN-DCYS#JGM,Adquisición de impresoras de códigos de barras y equipamientos varios para la JGM,Licitación Privada,18/08/2023 10:00 Hrs.,Adjudicado,79/000 - Dirección General Técnico - Administrativa - JGM,305 - Jefatura de Gabinete de Ministros,2026-05-04T08:24:40.283031
79-0014-LPU23,EX-2023-64733458-   -APN-DCYS#JGM,Servicio de envío de correos electrónicos transaccionales,Licitación Pública,07/08/2023 10:00 Hrs.,Adjudicado,79/000 - Dirección General Técnico - Administrativa - JGM,305 - Jefatura de Gabinete de Ministros,2026-05-04T08:24:40.283031
79-0015-LPR23,EX-2023-79080326-   -APN-DCYS#JGM,Servicio de renovación de licencias de antivirus para estaciones de trabajo y servidores,Licitación Privada,11/08/2023 10:00 Hrs.,Adjudicado,79/000 - Dirección General Técnico - Administrativa - JGM,305 - Jefatura de Gabinete de Ministros,2026-05-04T08:24:40.283031
79-0015-LPR24,EX-2024-86317693-   -APN-DCYC#JGM,Adquisición de Solución Llave en mano para Implementación de Sistema de CCTV Ed. Somisa JGM,Licitación Privada,28/11/2024 10:00 Hrs.,Adjudicado,79/000 - Dirección General Técnico - Administrativa - JGM,305 - Jefatura de Gabinete de Ministros,2026-05-04T08:24:40.283031
79-0015-LPU22,EX-2022-128071513-   -APN-DCYS#JGM,Servicio de mantenimiento de equipos de aire acondicionado para edificios JGM,Licitación Pública,09/02/2023 10:00 Hrs.,Adjudicado,79/000 - Dirección General Técnico - Administrativa - JGM,305 - Jefatura de Gabinete de Ministros,2026-05-04T08:24:40.283031
79-0016-LPR23,EX-2023-93075222-   -APN-DCYS#JGM,Contratación servicio integral de organización de eventos - Consejo Federal de la Sociedad Civil,Licitación Privada,01/09/2023 09:00 Hrs.,Adjudicado con doc. contractuales generados,79/000 - Dirección General Técnico - Administrativa - JGM,305 - Jefatura de Gabinete de Ministros,2026-05-04T08:24:40.283031
79-0016-LPR24,EX-2024-86322060-   -APN-DCYC#JGM,Adquisición de elementos de protección personal para los distintos talleres de JGM,Licitación Privada,15/10/2024 11:00 Hrs.,Dejado Sin Efecto,79/000 - Dirección General Técnico - Administrativa - JGM,305 - Jefatura de Gabinete de Ministros,2026-05-04T08:24:40.283031
79-0016-LPU22,EX-2022-133987303-   -APN-DCYS#JGM,Servicio de producción logística integral para operativos territoriales de atención a ciudadanos,Licitación Pública,16/01/2023 09:00 Hrs.,Adjudicado,79/000 - Dirección General Técnico - Administrativa - JGM,305 - Jefatura de Gabinete de Ministros,2026-05-04T08:24:40.283031
79-0016-LPU23,EX-2023-69560670-   -APN-DCYS#JGM,"Servicio de soporte correctivo, técnico y evolutivo de la Plataforma de Firma Digital Remota",Licitación Pública,22/08/2023 09:00 Hrs.,Adjudicado,79/000 - Dirección General Técnico - Administrativa - JGM,305 - Jefatura de Gabinete de Ministros,2026-05-04T08:24:40.283031
79-0017-CDI23,EX-2023-16335649-   -APN-DCYS#JGM,Servicio de limpieza y desinfección de tanques de agua,Contratación Directa,09/03/2023 09:00 Hrs.,Adjudicado,79/000 - Dirección General Técnico - Administrativa - JGM,305 - Jefatura de Gabinete de Ministros,2026-05-04T08:24:40.283031
79-0017-LPR23,EX-2023-94170250-   -APN-DCYS#JGM,Servicio de impresión de libro,Licitación Privada,31/08/2023 09:00 Hrs.,Dejado Sin Efecto,79/000 - Dirección General Técnico - Administrativa - JGM,305 - Jefatura de Gabinete de Ministros,2026-05-04T08:24:40.283031
79-0017-LPR24,EX-2024-88186907-   -APN-DCYC#JGM,Adquisición de Licencias Adobe,Licitación Privada,24/10/2024 10:00 Hrs.,Dejado Sin Efecto,79/000 - Dirección General Técnico - Administrativa - JGM,305 - Jefatura de Gabinete de Ministros,2026-05-04T08:24:40.283031
79-0017-LPU22,EX-2022-139173977-   -APN-DCYS#JGM,"CONTRATACIÓN DEL SERVICIO DE TRANSPORTE TERRESTRE DE PERSONAS EN EL MARCO DEL PROG. “DESARROLLARTE""",Licitación Pública,23/01/2023 09:00 Hrs.,Fracasado,79/000 - Dirección General Técnico - Administrativa - JGM,305 - Jefatura de Gabinete de Ministros,2026-05-04T08:24:40.283031
79-0017-LPU23,EX-2023-69600752-   -APN-DCYS#JGM,Servicio de infraestructura de la Plataforma de Firma Digital de la Autoridad Certificante ONTI,Licitación Pública,22/08/2023 10:00 Hrs.,Dejado Sin Efecto,79/000 - Dirección General Técnico - Administrativa - JGM,305 - Jefatura de Gabinete de Ministros,2026-05-04T08:24:40.283031
79-0017-LPU24,EX-2024-72077633-   -APN-DCYC#JGM,Solicitud de adquisición de computadoras de escritorio y portátiles para JGM,Licitación Pública,29/11/2024 10:00 Hrs.,Adjudicado,79/000 - Dirección General Técnico - Administrativa - JGM,305 - Jefatura de Gabinete de Ministros,2026-05-04T08:24:40.283031
79-0018-CDI23,EX-2023-18308212-   -APN-DCYS#JGM,Contratación de la Facultad Latinoamericana de Ciencias Sociales (FLACSO-Argentina) para estudio,Contratación Directa,24/02/2023 12:00 Hrs.,Adjudicado,79/000 - Dirección General Técnico - Administrativa - JGM,305 - Jefatura de Gabinete de Ministros,2026-05-04T08:24:40.283031
79-0018-LPR23,EX-2023-96812767-   -APN-DCYS#JGM,Servicio de exámenes preocupacionales para personal de la JEFATURA DE GABINETE DE MINISTROS,Licitación Privada,08/09/2023 09:00 Hrs.,Adjudicado,79/000 - Dirección General Técnico - Administrativa - JGM,305 - Jefatura de Gabinete de Ministros,2026-05-04T08:24:40.283031
79-0018-LPR24,EX-2024-88187909-   -APN-DCYC#JGM,"Adquisición, instalación y mantenimiento de servicios LAN to LAN, Internet y servicios TLS nivel 2",Licitación Privada,26/11/2024 11:00 Hrs.,Dejado Sin Efecto,79/000 - Dirección General Técnico - Administrativa - JGM,305 - Jefatura de Gabinete de Ministros,2026-05-04T08:24:40.283031
79-0018-LPU23,EX-2023-69866706-   -APN-DCYS#JGM,Contratación de servicios integrales de organización de eventos y alquiler de pantallas led,Licitación Pública,14/07/2023 09:00 Hrs.,Adjudicado,79/000 - Dirección General Técnico - Administrativa - JGM,305 - Jefatura de Gabinete de Ministros,2026-05-04T08:24:40.283031
79-0019-CDI23,EX-2023-19634681-   -APN-DCYS#JGM,Convenio entre la UNIVERSIDAD NACIONAL DE ENTRE RÍOS y la SECRETARÍA DE GESTIÓN Y EMPLEO PÚBLICO,Contratación Directa,30/03/2023 10:00 Hrs.,Adjudicado,79/000 - Dirección General Técnico - Administrativa - JGM,305 - Jefatura de Gabinete de Ministros,2026-05-04T08:24:40.283031
79-0019-LPR23,EX-2023-99482614-   -APN-DCYS#JGM,Adquisición de discos SSD para computadoras de la JEFATURA DE GABINETE DE MINISTROS,Licitación Privada,21/09/2023 09:00 Hrs.,Adjudicado,79/000 - Dirección General Técnico - Administrativa - JGM,305 - Jefatura de Gabinete de Ministros,2026-05-04T08:24:40.283031
79-0019-LPR24,EX-2024-91741401-   -APN-DCYC#JGM,Solicitud de compra y recarga de matafuegos para la JGM,Licitación Privada,25/11/2024 10:00 Hrs.,Adjudicado,79/000 - Dirección General Técnico - Administrativa - JGM,305 - Jefatura de Gabinete de Ministros,2026-05-04T08:24:40.283031
79-0019-LPU23,EX-2023-92254927-   -APN-DCYS#JGM,servicios de producción logística integral para operativos territoriales de atención a ciudadanos,Licitación Pública,08/09/2023 10:00 Hrs.,Adjudicado,79/000 - Dirección General Técnico - Administrativa - JGM,305 - Jefatura de Gabinete de Ministros,2026-05-04T08:24:40.283031
79-0019-LPU24,EX-2024-89357729-   -APN-DCYC#JGM,Solicitud de contratación servicio de mantenimiento Aire Acondicionado para las sedes de la JGM,Licitación Pública,19/11/2024 10:00 Hrs.,Adjudicado,79/000 - Dirección General Técnico - Administrativa - JGM,305 - Jefatura de Gabinete de Ministros,2026-05-04T08:24:40.283031
79-0020-CDI23,EX-2023-19635870-   -APN-DCYS#JGM,Convenio entre la UNIVERSIDAD NACIONAL DE SANTIAGO DEL ESTERO y la SECRETARÍA DE GESTIÓN Y EMPLEO,Contratación Directa,31/03/2023 10:00 Hrs.,Desierto,79/000 - Dirección General Técnico - Administrativa - JGM,305 - Jefatura de Gabinete de Ministros,2026-05-04T08:24:40.283031
79-0020-LPR23,EX-2023-118057281-   -APN-DCYS#JGM,Adquisición de equipamiento para videoconferencias en la JEFATURA DE GABINETE DE MINISTROS,Licitación Privada,09/11/2023 09:00 Hrs.,Dejado Sin Efecto,79/000 - Dirección General Técnico - Administrativa - JGM,305 - Jefatura de Gabinete de Ministros,2026-05-04T08:24:40.283031
79-0020-LPR24,EX-2024-93820089-   -APN-DCYC#JGM,Contratación de seguros para la flota automotor de la JEFATURA DE GABINETE DE MINISTROS,Licitación Privada,05/11/2024 11:00 Hrs.,Adjudicado,79/000 - Dirección General Técnico - Administrativa - JGM,305 - Jefatura de Gabinete de Ministros,2026-05-04T08:24:40.283031
79-0020-LPU23,EX-2023-92920110-   -APN-DCYS#JGM,Contratación asistencia técnica para actividades complementarias Festival Quiero,Licitación Pública,30/08/2023 09:00 Hrs.,Adjudicado,79/000 - Dirección General Técnico - Administrativa - JGM,305 - Jefatura de Gabinete de Ministros,2026-05-04T08:24:40.283031
79-0021-CDI23,EX-2023-19638456-   -APN-DCYS#JGM,Convenio entre la UNIVERSIDAD NACIONAL DEL LITORAL y la SECRETARÍA DE GESTIÓN Y EMPLEO PÚBLICO,Contratación Directa,31/03/2023 10:00 Hrs.,Adjudicado,79/000 - Dirección General Técnico - Administrativa - JGM,305 - Jefatura de Gabinete de Ministros,2026-05-04T08:24:40.283031
79-0021-LPU23,EX-2023-96158432-   -APN-DCYS#JGM,Adquisición de sillas ergonómicas para las dependencias de la JEFATURA DE GABINETE DE MINISTROS,Licitación Pública,11/09/2023 09:00 Hrs.,Disponible Para Adjudicar,79/000 - Dirección General Técnico - Administrativa - JGM,305 - Jefatura de Gabinete de Ministros,2026-05-04T08:24:40.283031
79-0022-CDI23,EX-2023-19935987-   -APN-DCYS#JGM,Convenio entre la UNIVERSIDAD NACIONAL DEL CHACO AUSTRAL y la SECRETARÍA DE GESTIÓN Y EMPLEO PÚBLICO,Contratación Directa,31/03/2023 10:00 Hrs.,Desierto,79/000 - Dirección General Técnico - Administrativa - JGM,305 - Jefatura de Gabinete de Ministros,2026-05-04T08:24:40.283031
79-0022-LPR24,EX-2024-98610147-   -APN-DCYC#JGM,Servicio de mantenimiento y soporte sistema SARHA - Liquidación de haberes JGM,Licitación Privada,21/11/2024 10:00 Hrs.,Dejado Sin Efecto,79/000 - Dirección General Técnico - Administrativa - JGM,305 - Jefatura de Gabinete de Ministros,2026-05-04T08:24:40.283031
79-0022-LPU23,EX-2023-101217084-   -APN-DCYS#JGM,Adquisición computadoras portátiles y accesorios para la JEFATURA DE GABINETE DE MINISTROS,Licitación Pública,20/09/2023 09:00 Hrs.,Dejado Sin Efecto,79/000 - Dirección General Técnico - Administrativa - JGM,305 - Jefatura de Gabinete de Ministros,2026-05-04T08:24:40.283031
79-0023-CDI23,EX-2023-20356225-   -APN-DCYS#JGM,Convenio entre la UNIVERSIDAD NACIONAL ARTURO JAURETCHE y la SECRETARÍA DE GESTIÓN Y EMPLEO PÚBLICO,Contratación Directa,30/03/2023 10:00 Hrs.,Adjudicado,79/000 - Dirección General Técnico - Administrativa - JGM,305 - Jefatura de Gabinete de Ministros,2026-05-04T08:24:40.283031
79-0023-LPR24,EX-2024-104831104-   -APN-DCYC#JGM,SERVICIO MANTENIMIENTO PREVENTIVO Y CORRECTIVO INTEGRAL DEL SISTEMA DE DETECCIÓN,Licitación Privada,20/11/2024 11:00 Hrs.,Desierto,79/000 - Dirección General Técnico - Administrativa - JGM,305 - Jefatura de Gabinete de Ministros,2026-05-04T08:24:40.283031
79-0024-CDI23,EX-2023-22366585-   -APN-DCYS#JGM,Convenio entre la UNIVERSIDAD NACIONAL DE MISIONES y la SECRETARÍA DE GESTIÓN Y EMPLEO PÚBLICO,Contratación Directa,09/05/2023 09:00 Hrs.,Adjudicado,79/000 - Dirección General Técnico - Administrativa - JGM,305 - Jefatura de Gabinete de Ministros,2026-05-04T08:24:40.283031
79-0024-LPR22,EX-2022-122782426-   -APN-DCYS#JGM,adquisición de vestimenta para el personal,Licitación Privada,05/01/2023 09:00 Hrs.,Dejado Sin Efecto,79/000 - Dirección General Técnico - Administrativa - JGM,305 - Jefatura de Gabinete de Ministros,2026-05-04T08:24:40.283031
79-0024-LPU24,EX-2024-109843278-   -APN-DCYC#JGM,Adquisición remodelación y mantenimiento Data Center JGM,Licitación Pública,29/11/2024 10:00 Hrs.,Adjudicado,79/000 - Dirección General Técnico - Administrativa - JGM,305 - Jefatura de Gabinete de Ministros,2026-05-04T08:24:40.283031
79-0025-CDI23,EX-2023-22474925-   -APN-DCYS#JGM,Convenio entre la UNIVERSIDAD NACIONAL DE SAN JUAN y la SECRETARÍA DE GESTIÓN Y EMPLEO PÚBLICO,Contratación Directa,02/08/2023 09:00 Hrs.,Dejado Sin Efecto,79/000 - Dirección General Técnico - Administrativa - JGM,305 - Jefatura de Gabinete de Ministros,2026-05-04T08:24:40.283031
79-0025-LPR24,EX-2024-108831582-   -APN-DGCYC#JGM,"Servicio de mantenimiento preventivo, correctivo y de emergencia de la flota automotor",Licitación Privada,22/11/2024 13:00 Hrs.,Adjudicado,79/000 - Dirección General Técnico - Administrativa - JGM,305 - Jefatura de Gabinete de Ministros,2026-05-04T08:24:40.283031
79-0026-CDI23,EX-2023-22478648-   -APN-DCYS#JGM,Convenio entre la UNIVERSIDAD NACIONAL DE RÍO NEGRO y la SECRETARÍA DE GESTIÓN Y EMPLEO PÚBLICO,Contratación Directa,08/05/2023 13:00 Hrs.,Adjudicado,79/000 - Dirección General Técnico - Administrativa - JGM,305 - Jefatura de Gabinete de Ministros,2026-05-04T08:24:40.283031
79-0027-CDI23,EX-2023-24048267-   -APN-DCYS#JGM,Convenio entre la UNIVERSIDAD NACIONAL DEL NORDESTE y la SECRETARÍA DE GESTIÓN Y EMPLEO PÚBLICO,Contratación Directa,05/06/2023 10:00 Hrs.,Adjudicado,79/000 - Dirección General Técnico - Administrativa - JGM,305 - Jefatura de Gabinete de Ministros,2026-05-04T08:24:40.283031
79-0027-LPR22,EX-2022-125718464-   -APN-DCYS#JGM,Servicio de guardería de vehículos para la flota automotor de la JEFATURA DE GABINETE DE MINISTROS,Licitación Privada,01/02/2023 09:00 Hrs.,Dejado Sin Efecto,79/000 - Dirección General Técnico - Administrativa - JGM,305 - Jefatura de Gabinete de Ministros,2026-05-04T08:24:40.283031
79-0028-CDI23,EX-2023-25842025-   -APN-DCYS#JGM,Convenio entre la UNIVERSIDAD NACIONAL DE QUILMES y la SECRETARÍA DE GESTIÓN Y EMPLEO PÚBLICO,Contratación Directa,27/04/2023 10:00 Hrs.,Adjudicado,79/000 - Dirección General Técnico - Administrativa - JGM,305 - Jefatura de Gabinete de Ministros,2026-05-04T08:24:40.283031
79-0028-LPR24,EX-2024-112275257-   -APN-DCYC#JGM,"SISTEMA DE CONTROL DE TIEMPO Y ASISTENCIA, CONTROL DE ACCESOS Y CONTROL DE VISITAS",Licitación Privada,16/12/2024 09:00 Hrs.,Dejado Sin Efecto,79/000 - Dirección General Técnico - Administrativa - JGM,305 - Jefatura de Gabinete de Ministros,2026-05-04T08:24:40.283031
79-0029-CDI23,EX-2023-25930984-   -APN-DCYS#JGM,Convenio Interadministrativo entre la UEET Argentina Futura y EUDEBA S.E.M.,Contratación Directa,12/04/2023 12:00 Hrs.,Adjudicado,79/000 - Dirección General Técnico - Administrativa - JGM,305 - Jefatura de Gabinete de Ministros,2026-05-04T08:24:40.283031
79-0030-CDI23,EX-2023-29709487-   -APN-DCYS#JGM,Convenio entre la UNIVERSIDAD NACIONAL DE AVELLANEDA y la SECRETARÍA DE GESTIÓN Y EMPLEO PÚBLICO,Contratación Directa,05/05/2023 11:00 Hrs.,Adjudicado,79/000 - Dirección General Técnico - Administrativa - JGM,305 - Jefatura de Gabinete de Ministros,2026-05-04T08:24:40.283031
79-0030-LPR22,EX-2022-138222066-   -APN-DCYS#JGM,Servicio de guardería de vehículos para la flota automotor de la JEFATURA DE GABINETE DE MINISTROS,Licitación Privada,18/01/2023 09:00 Hrs.,Dejado Sin Efecto,79/000 - Dirección General Técnico - Administrativa - JGM,305 - Jefatura de Gabinete de Ministros,2026-05-04T08:24:40.283031
79-0030-LPR24,EX-2024-119956139-   -APN-DCYC#JGM,Solicitud de adquisición de desfibriladores externos automáticos,Licitación Privada,22/11/2024 11:00 Hrs.,Adjudicado,79/000 - Dirección General Técnico - Administrativa - JGM,305 - Jefatura de Gabinete de Ministros,2026-05-04T08:24:40.283031
79-0031-CDI23,EX-2023-34533092-   -APN-DCYS#JGM,Adquisición de elementos para evento INJUVE,Contratación Directa,13/04/2023 09:00 Hrs.,Dejado Sin Efecto,79/000 - Dirección General Técnico - Administrativa - JGM,305 - Jefatura de Gabinete de Ministros,2026-05-04T08:24:40.283031
79-0032-CDI23,EX-2023-36273268-   -APN-DCYS#JGM,Convenio Específico entre la UEETAF y la UNPAZ,Contratación Directa,12/06/2023 09:00 Hrs.,Adjudicado,79/000 - Dirección General Técnico - Administrativa - JGM,305 - Jefatura de Gabinete de Ministros,2026-05-04T08:24:40.283031
79-0033-CDI23,EX-2023-36290004-   -APN-DCYS#JGM,Contratación de FUNSAM para la realización de un estudio de investigación,Contratación Directa,28/04/2023 10:00 Hrs.,Adjudicado,79/000 - Dirección General Técnico - Administrativa - JGM,305 - Jefatura de Gabinete de Ministros,2026-05-04T08:24:40.283031
79-0033-LPR24,EX-2024-88186907-   -APN-DCYC#JGM,Adquisición de Licencias de Software Adobe,Licitación Privada,04/12/2024 10:00 Hrs.,En Apertura,79/000 - Dirección General Técnico - Administrativa - JGM,305 - Jefatura de Gabinete de Ministros,2026-05-04T08:24:40.283031
79-0034-CDI23,EX-2023-36815258-   -APN-DCYS#JGM,Servicio de mantenimiento preventivo y correctivo del sistema de detección y extinción de incendios,Contratación Directa,28/04/2023 09:00 Hrs.,Adjudicado,79/000 - Dirección General Técnico - Administrativa - JGM,305 - Jefatura de Gabinete de Ministros,2026-05-04T08:24:40.283031
79-0035-CDI23,EX-2023-11308221-   -APN-DCYS#JGM,Convenio entre la UNIVERSIDAD NACIONAL DE CUYO y la SECRETARÍA DE GESTIÓN Y EMPLEO PÚBLICO,Contratación Directa,12/04/2023 11:00 Hrs.,Adjudicado,79/000 - Dirección General Técnico - Administrativa - JGM,305 - Jefatura de Gabinete de Ministros,2026-05-04T08:24:40.283031
79-0036-CDI23,EX-2023-11361953-   -APN-DCYS#JGM,Convenio entre UNIVERSIDAD NACIONAL RAÚL SCALABRINI ORTIZ / SECRETARÍA DE GESTIÓN Y EMPLEO PÚBLICO,Contratación Directa,11/04/2023 11:00 Hrs.,Adjudicado,79/000 - Dirección General Técnico - Administrativa - JGM,305 - Jefatura de Gabinete de Ministros,2026-05-04T08:24:40.283031
79-0037-CDI23,EX-2023-19635870-   -APN-DCYS#JGM,Convenio entre la UNIVERSIDAD NACIONAL DE SANTIAGO DEL ESTERO y la SECRETARÍA DE GESTIÓN Y EMPLEO,Contratación Directa,11/04/2023 09:00 Hrs.,Adjudicado,79/000 - Dirección General Técnico - Administrativa - JGM,305 - Jefatura de Gabinete de Ministros,2026-05-04T08:24:40.283031
79-0038-CDI23,EX-2023-19935987-   -APN-DCYS#JGM,Convenio entre la UNIVERSIDAD NACIONAL DEL CHACO AUSTRAL y la SECRETARÍA DE GESTIÓN Y EMPLEO PÚBLICO,Contratación Directa,12/04/2023 11:00 Hrs.,Adjudicado,79/000 - Dirección General Técnico - Administrativa - JGM,305 - Jefatura de Gabinete de Ministros,2026-05-04T08:24:40.283031
79-0039-CDI23,EX-2023-11329376-   -APN-DCYS#JGM,Convenio entre la UNIVERSIDAD NACIONAL DE LANÚS y la SECRETARÍA DE GESTIÓN Y EMPLEO PÚBLICO,Contratación Directa,19/04/2023 10:00 Hrs.,Adjudicado,79/000 - Dirección General Técnico - Administrativa - JGM,305 - Jefatura de Gabinete de Ministros,2026-05-04T08:24:40.283031
79-0040-CDI23,EX-2023-38374818-   -APN-DCYS#JGM,Convenio entre la SECRETARÍA DE INNOVACIÓN PÚBLICA y AR-SAT,Contratación Directa,12/05/2023 10:00 Hrs.,Adjudicado,79/000 - Dirección General Técnico - Administrativa - JGM,305 - Jefatura de Gabinete de Ministros,2026-05-04T08:24:40.283031
79-0041-CDI23,EX-2023-38471314-   -APN-DCYS#JGM,Convenio entre la SECRETARÍA DE INNOVACIÓN PÚBLICA y el INSTITUTO GEOGRAFICO NACIONAL,Contratación Directa,12/05/2023 10:00 Hrs.,Adjudicado,79/000 - Dirección General Técnico - Administrativa - JGM,305 - Jefatura de Gabinete de Ministros,2026-05-04T08:24:40.283031
79-0042-CDI23,EX-2023-39039953-   -APN-DCYS#JGM,Convenio entre la SECRETARÍA DE GESTIÓN Y EMPLEO PÚBLICO y la UNIVERSIDAD TECNOLÓGICA NACION,Contratación Directa,05/05/2023 09:00 Hrs.,Adjudicado,79/000 - Dirección General Técnico - Administrativa - JGM,305 - Jefatura de Gabinete de Ministros,2026-05-04T08:24:40.283031
79-0043-CDI23,EX-2023-39609636-   -APN-DCYS#JGM,Convenio entre la SECRETARÍA DE INNOVACIÓN PÚBLICA y AR-SAT,Contratación Directa,30/06/2023 09:00 Hrs.,Adjudicado,79/000 - Dirección General Técnico - Administrativa - JGM,305 - Jefatura de Gabinete de Ministros,2026-05-04T08:24:40.283031
79-0044-CDI23,EX-2023-39628021-   -APN-DCYS#JGM,Adquisición de sensores de monitoreo PRTG,Contratación Directa,08/05/2023 09:00 Hrs.,Adjudicado,79/000 - Dirección General Técnico - Administrativa - JGM,305 - Jefatura de Gabinete de Ministros,2026-05-04T08:24:40.283031
79-0046-CDI23,EX-2023-41121493-   -APN-DCYS#JGM,Servicio de provisión de diarios y revistas,Contratación Directa,21/04/2023 09:00 Hrs.,Adjudicado,79/000 - Dirección General Técnico - Administrativa - JGM,305 - Jefatura de Gabinete de Ministros,2026-05-04T08:24:40.283031
79-0047-CDI23,EX-2023-41168253-   -APN-DCYS#JGM,Convenio de Cooperación entre la SDG y la UNTREF,Contratación Directa,10/05/2023 12:00 Hrs.,Adjudicado,79/000 - Dirección General Técnico - Administrativa - JGM,305 - Jefatura de Gabinete de Ministros,2026-05-04T08:24:40.283031
79-0048-CDI23,EX-2023-42799659-   -APN-DCYS#JGM,Adquisición de insumos médicos,Contratación Directa,16/05/2023 09:00 Hrs.,Adjudicado,79/000 - Dirección General Técnico - Administrativa - JGM,305 - Jefatura de Gabinete de Ministros,2026-05-04T08:24:40.283031
79-0049-CDI23,EX-2023-42893395-   -APN-DCYS#JGM,Adquisición de medicamentos,Contratación Directa,22/05/2023 09:00 Hrs.,Dejado Sin Efecto,79/000 - Dirección General Técnico - Administrativa - JGM,305 - Jefatura de Gabinete de Ministros,2026-05-04T08:24:40.283031
79-0050-CDI23,EX-2023-44868899-   -APN-DCYS#JGM,Provisión de paneles desmontables para techos,Contratación Directa,17/05/2023 09:00 Hrs.,Dejado Sin Efecto,79/000 - Dirección General Técnico - Administrativa - JGM,305 - Jefatura de Gabinete de Ministros,2026-05-04T08:24:40.283031
79-0051-CDI23,EX-2023-45521594-   -APN-DCYS#JGM,Adquisición de banderas argentinas de ceremonia y de flameo,Contratación Directa,17/05/2023 09:00 Hrs.,Adjudicado,79/000 - Dirección General Técnico - Administrativa - JGM,305 - Jefatura de Gabinete de Ministros,2026-05-04T08:24:40.283031
79-0052-CDI23,EX-2023-45676126-   -APN-DCYS#JGM,Convenio entre la UNIVERSIDAD NACIONAL DE TUCUMÁN y la SECRETARÍA DE GESTIÓN Y EMPLEO PÚBLICO,Contratación Directa,06/07/2023 10:00 Hrs.,Adjudicado,79/000 - Dirección General Técnico - Administrativa - JGM,305 - Jefatura de Gabinete de Ministros,2026-05-04T08:24:40.283031
79-0053-CDI23,EX-2023-49514415-   -APN-DCYS#JGM,"Servicio de medición de iluminación, ruido, puesta a tierra y estudio ergonómico",Contratación Directa,30/05/2023 09:00 Hrs.,Adjudicado,79/000 - Dirección General Técnico - Administrativa - JGM,305 - Jefatura de Gabinete de Ministros,2026-05-04T08:24:40.283031
79-0054-CDI23,EX-2023-52926434-   -APN-DCYS#JGM,Renovación de Licencias Microsoft,Contratación Directa,31/05/2023 09:00 Hrs.,Adjudicado,79/000 - Dirección General Técnico - Administrativa - JGM,305 - Jefatura de Gabinete de Ministros,2026-05-04T08:24:40.283031
79-0055-CDI23,EX-2023-57412573-   -APN-DCYS#JGM,Convenio entre la SECRETARÍA DE INNOVACIÓN PÚBLICA y AR-SAT,Contratación Directa,05/06/2023 10:00 Hrs.,Adjudicado,79/000 - Dirección General Técnico - Administrativa - JGM,305 - Jefatura de Gabinete de Ministros,2026-05-04T08:24:40.283031
79-0056-CDI23,EX-2023-57498074-   -APN-DCYS#JGM,Servicio de mantenimiento y soporte del módulo INTEROPER.AR brindado por la firma UNITECH S.A.,Contratación Directa,24/05/2023 12:00 Hrs.,Adjudicado,79/000 - Dirección General Técnico - Administrativa - JGM,305 - Jefatura de Gabinete de Ministros,2026-05-04T08:24:40.283031
79-0057-CDI23,EX-2023-57510113-   -APN-DCYS#JGM,Servicio de mantenimiento y soporte de la PLATAFORMA DE AUTENTICACIÓN ELECTRÓNICA CENTRAL (PAEC),Contratación Directa,24/05/2023 12:00 Hrs.,Adjudicado,79/000 - Dirección General Técnico - Administrativa - JGM,305 - Jefatura de Gabinete de Ministros,2026-05-04T08:24:40.283031
79-0060-CDI23,EX-2023-59705071-   -APN-DCYS#JGM,Convenio entre la SECRETARÍA DE INNOVACIÓN PÚBLICA y AR-SAT Nube híbrida,Contratación Directa,18/07/2023 10:00 Hrs.,Disponible Para Adjudicar,79/000 - Dirección General Técnico - Administrativa - JGM,305 - Jefatura de Gabinete de Ministros,2026-05-04T08:24:40.283031
79-0061-CDI23,EX-2023-62000918-   -APN-DCYS#JGM,Convenio UNSAM-SIP servicio soporte técnico en relacion al sistema de Gestión Documental Electrónica,Contratación Directa,12/06/2023 12:00 Hrs.,Adjudicado,79/000 - Dirección General Técnico - Administrativa - JGM,305 - Jefatura de Gabinete de Ministros,2026-05-04T08:24:40.283031
79-0062-CDI23,EX-2023-44868899-   -APN-DCYS#JGM,Provisión de paneles desmontables para techos,Contratación Directa,23/06/2023 09:00 Hrs.,Dejado Sin Efecto,79/000 - Dirección General Técnico - Administrativa - JGM,305 - Jefatura de Gabinete de Ministros,2026-05-04T08:24:40.283031
79-0063-CDI23,EX-2023-64153310-   -APN-DCYS#JGM,Convenio entre la UNIDAD EJECUTORA ESPECIAL TEMPORARIA “ARGENTINA FUTURA” y UBATEC S.A.,Contratación Directa,16/06/2023 10:00 Hrs.,Adjudicado,79/000 - Dirección General Técnico - Administrativa - JGM,305 - Jefatura de Gabinete de Ministros,2026-05-04T08:24:40.283031
79-0064-CDI23,EX-2023-65326242-   -APN-DCYS#JGM,Servicio de validación biométrica para la aplicación Mi Argentina,Contratación Directa,06/07/2023 09:00 Hrs.,Adjudicado,79/000 - Dirección General Técnico - Administrativa - JGM,305 - Jefatura de Gabinete de Ministros,2026-05-04T08:24:40.283031
79-0065-CDI23,EX-2023-70497850-   -APN-DCYS#JGM,Convenio entre la SECRETARÍA DE GESTIÓN Y EMPLEO PÚBLICO y LA UNIVERSIDAD NACIONAL DE LA MATANZA,Contratación Directa,31/08/2023 09:00 Hrs.,Dejado Sin Efecto,79/000 - Dirección General Técnico - Administrativa - JGM,305 - Jefatura de Gabinete de Ministros,2026-05-04T08:24:40.283031
79-0066-CDI23,EX-2023-70517720-   -APN-DCYS#JGM,Convenio carta de Adhesión - YPF S.A. Combustibles y Aerolubricantes,Contratación Directa,21/07/2023 10:00 Hrs.,Adjudicado,79/000 - Dirección General Técnico - Administrativa - JGM,305 - Jefatura de Gabinete de Ministros,2026-05-04T08:24:40.283031
79-0067-CDI23,EX-2023-70811246-   -APN-DCYS#JGM,Contratación de GUADALQUIVIR S.A. para el servicio de alquiler de oficinas en inmueble,Contratación Directa,26/06/2023 10:00 Hrs.,Adjudicado,79/000 - Dirección General Técnico - Administrativa - JGM,305 - Jefatura de Gabinete de Ministros,2026-05-04T08:24:40.283031
79-0068-CDI22,EX-2022-124748144-   -APN-DCYS#JGM,Convenio Específico con la UNIVERSIDAD TECNOLÓGICA NACIONAL - FACULTAD REGIONAL SAN NICOLÁS,Contratación Directa,27/01/2023 09:00 Hrs.,Adjudicado,79/000 - Dirección General Técnico - Administrativa - JGM,305 - Jefatura de Gabinete de Ministros,2026-05-04T08:24:40.283031
79-0068-CDI23,EX-2023-71110639-   -APN-DCYS#JGM,Adquisición de materiales para actividades educativas,Contratación Directa,17/07/2023 09:00 Hrs.,Adjudicado,79/000 - Dirección General Técnico - Administrativa - JGM,305 - Jefatura de Gabinete de Ministros,2026-05-04T08:24:40.283031
79-0069-CDI23,EX-2023-71142543-   -APN-DCYS#JGM,Convenio Específico entre la SUBSECRETARÍA DE COORDINACIÓN POLÍTICA E INSTITUCIONAL y la UNSAM,Contratación Directa,01/09/2023 09:00 Hrs.,Adjudicado,79/000 - Dirección General Técnico - Administrativa - JGM,305 - Jefatura de Gabinete de Ministros,2026-05-04T08:24:40.283031
79-0070-CDI23,EX-2023-72466111-   -APN-DCYS#JGM,Servicio de desinfección con ozono para el saneamiento ambiental de los edificios de la JGM,Contratación Directa,28/07/2023 09:00 Hrs.,Adjudicado,79/000 - Dirección General Técnico - Administrativa - JGM,305 - Jefatura de Gabinete de Ministros,2026-05-04T08:24:40.283031
79-0071-CDI22,EX-2022-127339999-   -APN-DCYS#JGM,Adquisición de vajilla,Contratación Directa,12/01/2023 09:00 Hrs.,Dejado Sin Efecto,79/000 - Dirección General Técnico - Administrativa - JGM,305 - Jefatura de Gabinete de Ministros,2026-05-04T08:24:40.283031
79-0071-CDI23,EX-2023-73583021-   -APN-DCYS#JGM,Servicio de asistencia de emergencias y urgencias médicas,Contratación Directa,20/07/2023 09:00 Hrs.,Adjudicado,79/000 - Dirección General Técnico - Administrativa - JGM,305 - Jefatura de Gabinete de Ministros,2026-05-04T08:24:40.283031
79-0072-CDI23,EX-2023-74433754-   -APN-DCYS#JGM,Convenio entre la SIP y CORASA - Kits Robótica Educativa,Contratación Directa,21/07/2023 09:00 Hrs.,Adjudicado,79/000 - Dirección General Técnico - Administrativa - JGM,305 - Jefatura de Gabinete de Ministros,2026-05-04T08:24:40.283031
79-0076-CDI23,EX-2023-76814552-   -APN-DCYS#JGM,Convenio entre la SUBSECRETARIA DE RELACIONES DE LA SOCIEDAD CIVIL de la JGM y la UNTREF,Contratación Directa,06/09/2023 09:00 Hrs.,Adjudicado,79/000 - Dirección General Técnico - Administrativa - JGM,305 - Jefatura de Gabinete de Ministros,2026-05-04T08:24:40.283031
79-0077-CDI22,EX-2022-130464439-   -APN-DCYS#JGM,Convenio Específico con la UNIVERSIDAD TECNOLOGICA NACIONAL,Contratación Directa,09/01/2023 10:00 Hrs.,Adjudicado,79/000 - Dirección General Técnico - Administrativa - JGM,305 - Jefatura de Gabinete de Ministros,2026-05-04T08:24:40.283031
79-0077-CDI23,EX-2023-76820787-   -APN-DCYS#JGM,Convenio entre la UEETAF de la JGM y EUDEBA S.E.M.,Contratación Directa,18/07/2023 10:00 Hrs.,Adjudicado,79/000 - Dirección General Técnico - Administrativa - JGM,305 - Jefatura de Gabinete de Ministros,2026-05-04T08:24:40.283031
79-0078-CDI22,EX-2022-130471920-   -APN-DCYS#JGM,Convenio Interadministrativo con CORREO OFICIAL DE LA REPUBLICA ARGENTINA S.A.,Contratación Directa,17/01/2023 10:00 Hrs.,Desierto,79/000 - Dirección General Técnico - Administrativa - JGM,305 - Jefatura de Gabinete de Ministros,2026-05-04T08:24:40.283031
79-0078-CDI23,EX-2023-76982080-   -APN-DCYS#JGM,Convenio JGM-NACIÓN SEGUROS S.A. - Seguro de Incendio-Todo Riesgo Operativo,Contratación Directa,06/09/2023 09:00 Hrs.,Adjudicado,79/000 - Dirección General Técnico - Administrativa - JGM,305 - Jefatura de Gabinete de Ministros,2026-05-04T08:24:40.283031
79-0079-CDI23,EX-2023-76988991-   -APN-DCYS#JGM,Convenio JGM-NACIÓN SEGUROS S.A. - Seguro de Responsabilidad Civil JGM,Contratación Directa,06/09/2023 14:00 Hrs.,Adjudicado,79/000 - Dirección General Técnico - Administrativa - JGM,305 - Jefatura de Gabinete de Ministros,2026-05-04T08:24:40.283031
79-0080-CDI23,EX-2023-76999017-   -APN-DCYS#JGM,Convenio JGM-NACIÓN SEGUROS S.A. - Seguro de Equipo técnico,Contratación Directa,06/09/2023 09:00 Hrs.,Adjudicado,79/000 - Dirección General Técnico - Administrativa - JGM,305 - Jefatura de Gabinete de Ministros,2026-05-04T08:24:40.283031
79-0081-CDI22,EX-2022-136193170-   -APN-DCYS#JGM,"Servicio de recarga, control trimestral de matafuegos y prueba hidráulica de mangueras",Contratación Directa,16/01/2023 09:00 Hrs.,Adjudicado,79/000 - Dirección General Técnico - Administrativa - JGM,305 - Jefatura de Gabinete de Ministros,2026-05-04T08:24:40.283031
79-0081-CDI23,EX-2023-77003314-   -APN-DCYS#JGM,Convenio JGM-NACIÓN SEGUROS S.A. - Seguro de Accidentes Personales UEETEB,Contratación Directa,06/09/2023 14:00 Hrs.,Dejado Sin Efecto,79/000 - Dirección General Técnico - Administrativa - JGM,305 - Jefatura de Gabinete de Ministros,2026-05-04T08:24:40.283031
79-0082-CDI22,EX-2022-138789155-   -APN-DCYS#JGM,Convenio con la EMPRESA ARGENTINA DE SOLUCIONES SATELITALES SOCIEDAD ANÓNIMA AR-SAT,Contratación Directa,04/01/2023 10:00 Hrs.,Desierto,79/000 - Dirección General Técnico - Administrativa - JGM,305 - Jefatura de Gabinete de Ministros,2026-05-04T08:24:40.283031
79-0082-CDI23,EX-2023-77011411-   -APN-DCYS#JGM,Convenio JGM-NACIÓN SEGUROS S.A. - Seguro de Responsabilidad Civil UEETEB,Contratación Directa,06/09/2023 09:00 Hrs.,Adjudicado,79/000 - Dirección General Técnico - Administrativa - JGM,305 - Jefatura de Gabinete de Ministros,2026-05-04T08:24:40.283031
79-0083-CDI22,EX-2022-138789311-   -APN-DCYS#JGM,servicio de limpieza y desinfección de tanques de agua del edificio sede de la JGM,Contratación Directa,20/01/2023 09:00 Hrs.,Dejado Sin Efecto,79/000 - Dirección General Técnico - Administrativa - JGM,305 - Jefatura de Gabinete de Ministros,2026-05-04T08:24:40.283031
79-0083-CDI23,EX-2023-78519770-   -APN-DCYS#JGM,Contratación de la FUNDACIÓN UNIVERSIDAD CATÓLICA ARGENTINA para un estudio de investigación,Contratación Directa,14/07/2023 11:00 Hrs.,Fracasado,79/000 - Dirección General Técnico - Administrativa - JGM,305 - Jefatura de Gabinete de Ministros,2026-05-04T08:24:40.283031
79-0084-CDI23,EX-2023-79109688-   -APN-DCYS#JGM,Adquisición de equipamiento informático y fotográfico para el INSTITUTO NACIONAL DE JUVENTUDES,Contratación Directa,14/08/2023 10:00 Hrs.,Adjudicado,79/000 - Dirección General Técnico - Administrativa - JGM,305 - Jefatura de Gabinete de Ministros,2026-05-04T08:24:40.283031
79-0086-CDI23,EX-2023-88865469-   -APN-DCYS#JGM,"Servicio de provisión de insumos, recolección y disposición final de residuos patogénicos",Contratación Directa,18/08/2023 09:00 Hrs.,Dejado Sin Efecto,79/000 - Dirección General Técnico - Administrativa - JGM,305 - Jefatura de Gabinete de Ministros,2026-05-04T08:24:40.283031
79-0087-CDI23,EX-2023-78519770-   -APN-DCYS#JGM,Contratación de la FUNDACIÓN UNIVERSIDAD CATÓLICA ARGENTINA para un estudio de investigación,Contratación Directa,30/08/2023 10:00 Hrs.,Adjudicado,79/000 - Dirección General Técnico - Administrativa - JGM,305 - Jefatura de Gabinete de Ministros,2026-05-04T08:24:40.283031
79-0089-CDI23,EX-2023-92476854-   -APN-DCYS#JGM,Contratación de UBATEC S.A. para la investigación de capacidades competitivas de las clases sociales,Contratación Directa,07/11/2023 10:00 Hrs.,Dejado Sin Efecto,79/000 - Dirección General Técnico - Administrativa - JGM,305 - Jefatura de Gabinete de Ministros,2026-05-04T08:24:40.283031
79-0090-CDI23,EX-2023-92479700-   -APN-DCYS#JGM,Contratación de UBATEC S.A. para la realización de estudios del capital social en Argentina,Contratación Directa,07/11/2023 10:00 Hrs.,Dejado Sin Efecto,79/000 - Dirección General Técnico - Administrativa - JGM,305 - Jefatura de Gabinete de Ministros,2026-05-04T08:24:40.283031
79-0091-CDI23,EX-2023-96147532-   -APN-DCYS#JGM,Servicio de recarga y mantenimiento de extintores y de la red de hidrantes de SGYEP,Contratación Directa,15/09/2023 09:00 Hrs.,Dejado Sin Efecto,79/000 - Dirección General Técnico - Administrativa - JGM,305 - Jefatura de Gabinete de Ministros,2026-05-04T08:24:40.283031
79-0092-CDI23,EX-2023-99480096-   -APN-DCYS#JGM,Servicio de suscripción de licencias ZOOM BUSINESS,Contratación Directa,22/09/2023 09:00 Hrs.,Adjudicado,79/000 - Dirección General Técnico - Administrativa - JGM,305 - Jefatura de Gabinete de Ministros,2026-05-04T08:24:40.283031
79-0093-CDI23,EX-2023-88865469-   -APN-DCYS#JGM,"Servicio de provisión de insumos, recolección y disposición final de residuos patogénicos",Contratación Directa,08/09/2023 10:00 Hrs.,Adjudicado,79/000 - Dirección General Técnico - Administrativa - JGM,305 - Jefatura de Gabinete de Ministros,2026-05-04T08:24:40.283031
79-0094-CDI23,EX-2023-101226406-   -APN-DCYS#JGM,Suscripción anual a diversas publicaciones de la LEY S.A. EDITORA E IMPRESORA,Contratación Directa,05/09/2023 09:00 Hrs.,Adjudicado,79/000 - Dirección General Técnico - Administrativa - JGM,305 - Jefatura de Gabinete de Ministros,2026-05-04T08:24:40.283031
79-0095-CDI23,EX-2023-102411518-   -APN-DCYS#JGM,Convenio entre la UEETEB y la UNIVERSIDAD NACIONAL ARTURO JAURETCHE,Contratación Directa,22/09/2023 09:00 Hrs.,Adjudicado,79/000 - Dirección General Técnico - Administrativa - JGM,305 - Jefatura de Gabinete de Ministros,2026-05-04T08:24:40.283031
79-0096-CDI23,EX-2023-103861250-   -APN-DCYS#JGM,Convenio entre la SECRETARÍA DE INNOVACIÓN PÚBLICA y AR-SAT,Contratación Directa,18/09/2023 09:00 Hrs.,Pendiente Análisis,79/000 - Dirección General Técnico - Administrativa - JGM,305 - Jefatura de Gabinete de Ministros,2026-05-04T08:24:40.283031
79-0097-CDI23,EX-2023-104507365-   -APN-DCYS#JGM,ADQUISICIÓN DE MEDICAMENTOS,Contratación Directa,22/09/2023 09:00 Hrs.,Dejado Sin Efecto,79/000 - Dirección General Técnico - Administrativa - JGM,305 - Jefatura de Gabinete de Ministros,2026-05-04T08:24:40.283031
79-0098-CDI23,EX-2023-105270948-   -APN-DCYS#JGM,Adquisición de insumos médicos,Contratación Directa,28/09/2023 09:00 Hrs.,Adjudicado,79/000 - Dirección General Técnico - Administrativa - JGM,305 - Jefatura de Gabinete de Ministros,2026-05-04T08:24:40.283031
79-0099-CDI23,EX-2023-109775785-   -APN-DCYS#JGM,Convenio entre la SECRETARÍA DE INNOVACIÓN PÚBLICA y AR-SAT,Contratación Directa,11/10/2023 09:00 Hrs.,Disponible Para Adjudicar,79/000 - Dirección General Técnico - Administrativa - JGM,305 - Jefatura de Gabinete de Ministros,2026-05-04T08:24:40.283031
79-0100-CDI23,EX-2023-115616186-   -APN-DCYS#JGM,Contratación de los servicios de la ASOCIACIÓN PARA EL FORTALECIMIENTO COMUNITARIO,Contratación Directa,31/10/2023 10:00 Hrs.,Adjudicado,79/000 - Dirección General Técnico - Administrativa - JGM,305 - Jefatura de Gabinete de Ministros,2026-05-04T08:24:40.283031
79-0102-CDI23,EX-2023-122796872-   -APN-DCYS#JGM,Contratación de los servicios del INSTITUTO DE INVESTIGACIÓN Y DESARROLLO DE LAS TELECOMUNICACIONES,Contratación Directa,31/10/2023 10:00 Hrs.,Adjudicado,79/000 - Dirección General Técnico - Administrativa - JGM,305 - Jefatura de Gabinete de Ministros,2026-05-04T08:24:40.283031
